{
  "seed": 42,
  "split": "stratified_80_10_10",
  "train_rows": 1719,
  "val_rows": 215,
  "test_rows": 215,
  "class_balance_train": {
    "negative_0": 1111,
    "positive_1": 608,
    "scale_pos_weight": 1.8273026315789473
  },
  "cv_best_score_roc_auc": 0.8510937554367922,
  "best_params": {
    "subsample": 0.7,
    "scale_pos_weight": 1.8273026315789473,
    "reg_lambda": 3.0,
    "reg_alpha": 0.01,
    "n_estimators": 300,
    "min_child_weight": 7,
    "max_depth": 3,
    "learning_rate": 0.01,
    "gamma": 0.3,
    "colsample_bytree": 0.9
  },
  "validation": {
    "roc_auc": 0.8801590306702006,
    "pr_auc": 0.8060119849231467,
    "best_f1_threshold": 0.6477627754211426
  },
  "test_threshold_0_5": {
    "roc_auc": 0.8552631578947368,
    "pr_auc": 0.7916587397609404,
    "accuracy": 0.772093023255814,
    "precision": 0.6363636363636364,
    "recall": 0.8289473684210527,
    "f1": 0.72
  },
  "test_threshold_best_f1": {
    "roc_auc": 0.8552631578947368,
    "pr_auc": 0.7916587397609404,
    "accuracy": 0.7813953488372093,
    "precision": 0.6526315789473685,
    "recall": 0.8157894736842105,
    "f1": 0.7251461988304093
  },
  "majority_baseline_accuracy_test": 0.6465116279069767
}